Family,ScientificName,ScientificNameAuthorship,Notes,TaxonId
ACANTHACEAE,"Anisacanthus thurberi","(Torr.) A. Gray",,2972
ACANTHACEAE,"Carlowrightia arizonica","A. Gray",,1215
ACANTHACEAE,"Justicia californica","(Benth.) D. Gibson",,2568
ACANTHACEAE,"Justicia longii",Hilsenb.,,10963
ACANTHACEAE,"Ruellia ciliatiflora",Hook.,,99347
ACANTHACEAE,"Ruellia nudiflora","(Engelm. & A. Gray) Urb.",,2569
AIZOACEAE,"Trianthema portulacastrum",L.,,3476
AMARANTHACEAE,"Amaranthus fimbriatus","(Torr.) Benth. ex S. Wats.",,100
AMARANTHACEAE,"Amaranthus fimbriatus var. denticulatus","(Torr.) Uline & Bray",,12050
AMARANTHACEAE,"Amaranthus fimbriatus var. fimbriatus",,,12051
AMARANTHACEAE,"Amaranthus palmeri","S. Watson",,104
AMARANTHACEAE,"Amaranthus x tucsonensis",J.Henrickson,,26541
AMARANTHACEAE,"Atriplex canescens","(Pursh) Nutt.",,127
AMARANTHACEAE,"Atriplex canescens var. linearis","(S. Watson) Munz",,12316
AMARANTHACEAE,"Atriplex elegans","(Moq.) D. Dietr.",,130
AMARANTHACEAE,"Atriplex elegans var. elegans",,,12318
AMARANTHACEAE,"Atriplex lentiformis","(Torr.) S. Watson",,134
AMARANTHACEAE,"Atriplex lentiformis subsp. lentiformis",,,11199
AMARANTHACEAE,"Atriplex polycarpa","(Torr.) S. Wats.",,149
AMARANTHACEAE,"Chenopodium berlandieri",Moq.,,154
AMARANTHACEAE,"Chenopodium incanum","(S. Watson) A. Heller",,176
AMARANTHACEAE,"Chenopodium murale",L.,,178
AMARANTHACEAE,"Chenopodium neomexicanum",Standl.,,179
AMARANTHACEAE,"Chenopodium palmeri",Standl.,,77822
AMARANTHACEAE,"Chenopodium sonorense","Benet-Pierce & M. G. Simpson",,308562
AMARANTHACEAE,"Gomphrena sonorae",Torr.,,2754
AMARANTHACEAE,"Monolepis nuttalliana","(Schult.) Greene",,89
AMARANTHACEAE,"Salsola tragus",L.,,3553
AMARANTHACEAE,"Tidestromia lanuginosa","(Nutt.) Standl.",,1
AMARYLLIDACEAE,"Allium macropetalum",Rydb.,,3405
AMARYLLIDACEAE,"Zephyranthes longifolia",Hemsl.,,271
ANACARDIACEAE,"Rhus aromatica",Aiton,,3610
ANACARDIACEAE,"Rhus lancea",L.f.,,72
ANACARDIACEAE,"Rhus trilobata",Nutt.,,3616
ANACARDIACEAE,"Rhus trilobata var. pilosissima",Engelm.,,13971
APIACEAE,"Bowlesia incana","Ruiz & Pav.",,2387
APIACEAE,"Coriandrum sativum",L.,,2391
APIACEAE,"Cyclospermum leptophyllum","(Pers.) Sprague ex Britton & P. Wilson",,203
APIACEAE,"Daucus pusillus",Michx.,,2415
APIACEAE,"Lomatium nevadense","(S. Wats.) Coult. & Rose",,2337
APIACEAE,"Spermolepis echinata","(Nutt. ex DC.) A. Heller",,2203
APIACEAE,"Spermolepis lateriflora","G.L. Nesom",,308044
APIACEAE,"Yabea microcarpa","(Hook. & Arn.) K.-Pol.",,2236
APOCYNACEAE,"Asclepias nyctaginifolia","A. Gray",,3767
APOCYNACEAE,"Cynanchum arizonicum","(A. Gray) Shinners",,974
APOCYNACEAE,"Haplophyton cimicidum","auct. non A. DC.",,9660
APOCYNACEAE,"Haplophyton cimicidum var. crooksii","L. Benson",,9933
APOCYNACEAE,"Matelea parvifolia","(Torr.) Woods.",,3794
APOCYNACEAE,"Matelea producta","(Torr.) Woods.",,3795
APOCYNACEAE,"Metastelma arizonicum","A. Gray",,10494
APOCYNACEAE,"Sarcostemma cynanchoides",Decne.,,3829
APOCYNACEAE,"Sarcostemma cynanchoides subsp. cynanchoides",,,31482
APOCYNACEAE,"Sarcostemma cynanchoides subsp. hartwegii","(Vail) R. Holm",,17368
ARISTOLOCHIACEAE,"Aristolochia watsonii","Woot. & Standl.",,786
ASPARAGACEAE,"Agave americana",L.,,3055
ASPARAGACEAE,"Agave americana var. expansa","(Jacobi) Gentry",,11037
ASPARAGACEAE,"Agave parryi",Engelm.,,3062
ASPARAGACEAE,"Agave parryi subsp. neomexicana","(Wooton & Standl.) B.Ullrich",,19494
ASPARAGACEAE,"Agave schottii",Engelm.,,3078
ASPARAGACEAE,"Dasylirion wheeleri","S. Watson",,3537
ASPARAGACEAE,"Dichelostemma capitatum","(Benth.) Alph. Wood",,2884
ASPARAGACEAE,"Dichelostemma capitatum subsp. capitatum",,,11363
ASPARAGACEAE,"Dichelostemma capitatum subsp. pauciflorum","(Torr.) G. Keator",,11364
ASPARAGACEAE,"Yucca baccata",Torr.,,2619
ASPARAGACEAE,"Yucca elata","(Engelm.) Engelm.",,2620
ASPHODELACEAE,"Asphodelus fistulosus",L.,,3459
ASTERACEAE,"Acourtia nana","(A. Gray) Reveal & R. M. King",,2733
ASTERACEAE,"Acourtia wrightii","(A. Gray) Reveal & R. M. King",,2735
ASTERACEAE,"Adenophyllum porophylloides","(A. Gray) Strother",,531
ASTERACEAE,"Ambrosia ambrosioides","(Cav.) W.W. Payne",,2749
ASTERACEAE,"Ambrosia confertiflora",DC.,,18
ASTERACEAE,"Ambrosia cordifolia","(A. Gray) W.W. Payne",,2761
ASTERACEAE,"Ambrosia deltoidea","(Torr.) W.W. Payne",,2762
ASTERACEAE,"Ambrosia dumosa","(A. Gray) W.W. Payne",,4
ASTERACEAE,"Ambrosia salsola","(Torr. & A. Gray) Strother & B.G. Baldwin",,80
ASTERACEAE,"Artemisia ludoviciana",Nutt.,,1365
ASTERACEAE,"Artemisia ludoviciana subsp. albula","(Woot.) Keck",,11159
ASTERACEAE,"Artemisia ludoviciana subsp. sulcata","(Rydb.) Keck",,11162
ASTERACEAE,"Baccharis brachyphylla","A. Gray",,1360
ASTERACEAE,"Baccharis salicifolia","(Ruiz & Pav.) Pers.",,2528
ASTERACEAE,"Baccharis sarothroides","A. Gray",,1364
ASTERACEAE,"Bahia absinthifolia",Benth.,,2812
ASTERACEAE,"Baileya multiradiata","Harv. & A. Gray",,2816
ASTERACEAE,"Bebbia juncea","(Benth.) Greene",,2821
ASTERACEAE,"Bidens leptocephala",Sherff,,1333
ASTERACEAE,"Brickellia baccharidea","A. Gray",,2840
ASTERACEAE,"Brickellia californica","(Torr. & A. Gray) A. Gray",,2843
ASTERACEAE,"Brickellia coulteri","A. Gray",,2826
ASTERACEAE,"Brickellia coulteri var. brachiata","(A.Gray) B.L.Turner",,19506
ASTERACEAE,"Calycoseris parryi","A. Gray",,2856
ASTERACEAE,"Calycoseris wrightii","A. Gray",,2857
ASTERACEAE,"Carthamus tinctorius",L.,,1165
ASTERACEAE,"Centaurea melitensis",L.,,2870
ASTERACEAE,"Chaenactis carphoclinia","A. Gray",,2867
ASTERACEAE,"Chaenactis stevioides","Hook. & Arn.",,2872
ASTERACEAE,"Chaetopappa ericoides","(Torr.) G.L. Nesom",,1185
ASTERACEAE,"Cirsium neomexicanum","A. Gray",,42
ASTERACEAE,"Conyza bonariensis","(L.) Cronquist",,3602
ASTERACEAE,"Conyza canadensis","(L.) Cronquist",,3603
ASTERACEAE,"Diaperia verna","(Raf.) Morefield",,11034
ASTERACEAE,"Dimorphotheca sinuata",Dc.,,3629
ASTERACEAE,"Eclipta prostrata","(L.) L.",,2209
ASTERACEAE,"Encelia farinosa","A. Gray ex Torr.",,3673
ASTERACEAE,"Encelia frutescens","(A. Gray) A. Gray",,3674
ASTERACEAE,"Ericameria cuneata","(A. Gray) McClatchie",,2958
ASTERACEAE,"Ericameria laricifolia","(A. Gray) Shinners",,3665
ASTERACEAE,"Erigeron divergens","Torr. & A. Gray",,1306
ASTERACEAE,"Erigeron divergens var. divergens","Torr. & A. Gray",,164372
ASTERACEAE,"Erigeron lobatus","A. Nels.",,1313
ASTERACEAE,"Erigeron tracyi",Greene,,32921
ASTERACEAE,"Eriophyllum lanosum","(A. Gray) A. Gray",,6817
ASTERACEAE,"Filago arizonica","A. Gray",,3686
ASTERACEAE,"Filago californica",Nutt.,,3687
ASTERACEAE,"Filago depressa","A. Gray",,3688
ASTERACEAE,"Fleischmannia sonorae","(A. Gray) King & H.E. Robins.",,3693
ASTERACEAE,"Gaillardia arizonica","A. Gray",,3697
ASTERACEAE,"Gaillardia pulchella",Foug.,,3731
ASTERACEAE,"Gamochaeta purpurea","(L.) Cabrera",,3732
ASTERACEAE,"Gutierrezia arizonica","(A. Gray) M.A. Lane",,3743
ASTERACEAE,"Gutierrezia microcephala","(DC.) A. Gray",,3745
ASTERACEAE,"Gymnosperma glutinosum","(Spreng.) Less.",,3750
ASTERACEAE,"Hedosyne ambrosiifolia","(A. Gray) Strother",,18284
ASTERACEAE,"Helianthus annuus",L.,,2795
ASTERACEAE,"Helianthus petiolaris",Nutt.,,2804
ASTERACEAE,"Heliomeris longifolia","(Robins. & Greenm.) Cockerell",,3819
ASTERACEAE,"Heliomeris longifolia var. annua","(M.E. Jones) Yates",,13160
ASTERACEAE,"Hemizonia kelloggii",Greene,,3822
ASTERACEAE,"Heterotheca subaxillaris","(Lam.) Britton & Rusby",,3825
ASTERACEAE,"Hymenothrix wislizeni","A. Gray",,3988
ASTERACEAE,"Isocoma tenuisecta",Greene,,4002
ASTERACEAE,"Iva ambrosiaefolia",A.Gray,,27566
ASTERACEAE,"Koanophyllon palmeri","(Gray) R.M King & H.Rob.",,32926
ASTERACEAE,"Koanophyllon solidaginifolium","(A. Gray) King & H.E. Robins.",,1914
ASTERACEAE,"Lactuca serriola",L.,,2790
ASTERACEAE,"Laennecia coulteri","(A. Gray) G.L. Nesom",,4027
ASTERACEAE,"Lasthenia californica","DC. ex Lindl.",,4033
ASTERACEAE,"Layia glandulosa","(Hook.) Hook. & Arn.",,3901
ASTERACEAE,"Logfia californica","(Nutt.) Holub",,18392
ASTERACEAE,"Machaeranthera asteroides","(Torr.) Greene",,3914
ASTERACEAE,"Machaeranthera pinnatifida","(Hook.) Shinners",,2359
ASTERACEAE,"Machaeranthera tagetina",Greene,,2363
ASTERACEAE,"Malacothrix clevelandii","A. Gray",,2379
ASTERACEAE,"Malacothrix coulteri","Harv. & A. Gray",,2380
ASTERACEAE,"Malacothrix fendleri","A. Gray",,2381
ASTERACEAE,"Malacothrix glabrata","(A. Gray ex D.C. Eaton) A. Gray",,2373
ASTERACEAE,"Malacothrix sonorae","W.S. Davis & Raven",,4172
ASTERACEAE,"Malacothrix stebbinsii","W.S. Davis & Raven",,2375
ASTERACEAE,"Matricaria discoidea",DC.,,1138
ASTERACEAE,"Monoptilon bellioides","(A. Gray) Hall",,2312
ASTERACEAE,"Parthenium incanum",Kunth,,2320
ASTERACEAE,"Pectis cylindrica","(Fern.) Rydb.",,2324
ASTERACEAE,"Pectis filipes","Harvey & A. Gray",,2325
ASTERACEAE,"Pectis filipes var. subnuda",Fern.,,13676
ASTERACEAE,"Pectis linifolia",L.,,2327
ASTERACEAE,"Pectis linifolia var. linifolia",,,134834
ASTERACEAE,"Pectis papposa","Harv. & A. Gray",,2329
ASTERACEAE,"Perityle emoryi",Torr.,,2275
ASTERACEAE,"Perityle lemmonii","(A. Gray) J.F. Macbr.",,2267
ASTERACEAE,"Porophyllum gracile",Benth.,,2284
ASTERACEAE,"Prenanthella exigua","(A. Gray) Rydb.",,2281
ASTERACEAE,"Pseudognaphalium canescens","(DC.) Anderb.",,1291
ASTERACEAE,"Pseudognaphalium leucocephalum","(A. Gray) A. Anderb.",,2407
ASTERACEAE,"Psilostrophe cooperi","(A. Gray) Greene",,2221
ASTERACEAE,"Rafinesquia californica",Nutt.,,2232
ASTERACEAE,"Rafinesquia neomexicana","A. Gray",,2233
ASTERACEAE,"Sanvitalia abertii","A. Gray",,2230
ASTERACEAE,"Senecio flaccidus",Less.,,669
ASTERACEAE,"Senecio flaccidus var. monoensis","(Greene) B.L. Turner & T.M. Barkl.",,14112
ASTERACEAE,"Senecio lemmonii","A. Gray",,306
ASTERACEAE,"Sonchus asper","(L.) Hill",,2169
ASTERACEAE,"Sonchus oleraceus",L.,,2173
ASTERACEAE,"Stephanomeria pauciflora","(Torr.) A. Nels.",,2176
ASTERACEAE,"Stylocline gnaphaloides",Nutt.,,11017
ASTERACEAE,"Stylocline micropoides","A. Gray",,2186
ASTERACEAE,"Stylocline sonorensis",Wiggins,,448
ASTERACEAE,"Symphyotrichum divaricatum","(Nutt.) G. L. Nesom",,1321
ASTERACEAE,"Thymophylla acerosa","(DC.) Strother",,373
ASTERACEAE,"Thymophylla concinna","(A. Gray) Strother",,374
ASTERACEAE,"Thymophylla pentachaeta","(DC.) Small",,375
ASTERACEAE,"Thymophylla pentachaeta var. belenidium","(DC.) Strother",,14265
ASTERACEAE,"Thymophylla pentachaeta var. pentachaeta",,,16297
ASTERACEAE,"Trixis californica",Kellogg,,2106
ASTERACEAE,"Trixis californica var. californica",Kellogg,,31440
ASTERACEAE,"Uropappus lindleyi","(DC.) Nutt.",,461
ASTERACEAE,"Verbesina encelioides","(Cav.) Benth. & Hook. f. ex A. Gray",,2002
ASTERACEAE,"Verbesina encelioides subsp. exauriculata","A. Gray",,11918
ASTERACEAE,"Xanthisma gracile","(Nutt.) D.R.Morgan & R.L.Hartm.",,32933
ASTERACEAE,"Xanthisma spinulosum","(Pursh) D.R. Morgan & R.L. Hartman",,16301
ASTERACEAE,"Xanthium strumarium",L.,,2030
ASTERACEAE,"Zinnia acerosa","(DC.) A. Gray",,1960
BIGNONIACEAE,"Chilopsis linearis","(Cav.) Sweet",,2566
BIGNONIACEAE,"Tecoma stans","(L.) Juss. ex Kunth",,2567
BORAGINACEAE,"Amsinckia intermedia","Fisch. & C.A. Mey.",,14518
BORAGINACEAE,"Amsinckia menziesii","(Lehm.) A. Nels. & J.F. Macbr.",,1881
BORAGINACEAE,"Amsinckia menziesii var. intermedia","(Fisch & C.A. Mey.) Ganders",,12054
BORAGINACEAE,"Amsinckia spectabilis","Fisch. & C.A. Mey.",,1882
BORAGINACEAE,"Amsinckia tessellata","A. Gray",,1880
BORAGINACEAE,"Cryptantha angustifolia","(Torr.) Greene",,1889
BORAGINACEAE,"Cryptantha barbigera","(A. Gray) Greene",,1891
BORAGINACEAE,"Cryptantha cycloptera","(Greene) Greene",,302198
BORAGINACEAE,"Cryptantha decipiens","(M.E. Jones) Heller",,1828
BORAGINACEAE,"Cryptantha maritima","(Greene) Greene",,1842
BORAGINACEAE,"Cryptantha micrantha","(Torr.) I.M. Johnston",,1843
BORAGINACEAE,"Cryptantha nevadensis","A. Nels. & Kennedy",,1838
BORAGINACEAE,"Cryptantha pterocarya","(Torr.) Greene",,1844
BORAGINACEAE,"Cryptantha pterocarya var. cycloptera","(Greene) J.F. Macbr.",,12672
BORAGINACEAE,"Eucrypta chrysanthemifolia","(Benth.) Greene",,2114
BORAGINACEAE,"Eucrypta micrantha","(Torr.) Heller",,2115
BORAGINACEAE,"Harpagonella arizonica","(I.M. Johnst.) Guilliams & B.G. Baldwin",,302149
BORAGINACEAE,"Harpagonella palmeri","A. Gray",,1779
BORAGINACEAE,"Lappula coronata",Greene,,154470
BORAGINACEAE,"Lappula occidentalis","(S. Wats.) Greene",,4032
BORAGINACEAE,"Lappula occidentalis var. cupulata","(A. Gray) Higgins",,13257
BORAGINACEAE,"Lappula occidentalis var. occidentalis","(S. Watson) Greene",,13258
BORAGINACEAE,"Nama demissa","A. Gray",,172333
BORAGINACEAE,"Nama demissum","A. Gray",,2033
BORAGINACEAE,"Nama hispidum","A. Gray",,2035
BORAGINACEAE,"Pectocarya heterocarpa","(I.M. Johnston) I.M. Johnston",,1789
BORAGINACEAE,"Pectocarya platycarpa","(Munz & I. M. Johnst.) Munz & I. M. Johnst.",,1790
BORAGINACEAE,"Pectocarya recurvata","I.M. Johnston",,1791
BORAGINACEAE,"Phacelia affinis","A. Gray",,2039
BORAGINACEAE,"Phacelia arizonica","A. Gray",,2041
BORAGINACEAE,"Phacelia bombycina","Woot. & Standl.",,2047
BORAGINACEAE,"Phacelia caerulea",Greene,,578
BORAGINACEAE,"Phacelia campanularia","A. Gray",,2048
BORAGINACEAE,"Phacelia crenulata","Torr. ex S. Watson",,1949
BORAGINACEAE,"Phacelia crenulata var. ambigua","(M.E. Jones) J.F. Macbr.",,13712
BORAGINACEAE,"Phacelia distans",Benth.,,1945
BORAGINACEAE,"Pholistoma auritum","(Lindl.) Lilja",,1917
BORAGINACEAE,"Pholistoma auritum var. arizonicum","(M.E. Jones) Constance",,13708
BORAGINACEAE,"Plagiobothrys arizonicus","(A. Gray) Greene ex A. Gray",,1793
BORAGINACEAE,"Plagiobothrys pringlei",Greene,,1063
BORAGINACEAE,"Tiquilia canescens","(A. DC.) A. T. Richardson",,310
BRASSICACEAE,"Arabis perennans","S. Watson",,2162
BRASSICACEAE,"Boechera perennans","(S. Watson) W. A. Weber",,9264
BRASSICACEAE,"Brassica nigra","(L.) W. D. J. Koch",,1260
BRASSICACEAE,"Brassica rapa",L.,,1261
BRASSICACEAE,"Brassica rapa var. rapa",,,12364
BRASSICACEAE,"Brassica tournefortii",Gouan,,1262
BRASSICACEAE,"Capsella bursa-pastoris","(L.) Medik.",,2166
BRASSICACEAE,"Caulanthus lasiophyllus","(Hook. & Arn.) Payson",,1268
BRASSICACEAE,"Descurainia pinnata","(Walter) Britton",,2075
BRASSICACEAE,"Descurainia pinnata subsp. pinnata",,,57133
BRASSICACEAE,"Descurainia sophia","(L.) Webb ex Prantl",,2076
BRASSICACEAE,"Draba cuneifolia","Nutt. ex Torr. & A. Gray",,2096
BRASSICACEAE,"Dryopetalon runcinatum","A. Gray",,1228
BRASSICACEAE,"Eruca sativa","P. Mill.",,1229
BRASSICACEAE,"Lepidium lasiocarpum",Nutt.,,2006
BRASSICACEAE,"Lepidium oblongum",Small,,2011
BRASSICACEAE,"Lepidium thurberi",Wooton,,2008
BRASSICACEAE,"Lepidium virginicum",L.,,2001
BRASSICACEAE,"Lepidium virginicum var. medium","(Greene) C.L. Hitchc.",,13304
BRASSICACEAE,"Lepidium virginicum var. pubescens","(Greene) Thellung",,13305
BRASSICACEAE,"Lesquerella purpurea","(A. Gray) S. Wats.",,1195
BRASSICACEAE,"Matthiola bicornis","(Sibth. & Sm.) DC.",,1198
BRASSICACEAE,"Matthiola longipetala","(Vent.) DC.",,5576
BRASSICACEAE,"Physaria gordonii","(A. Gray) O'Kane & Al-Shehbaz",,79
BRASSICACEAE,"Physaria purpurea","(A.Gray) O'Kane & Al-Shehbaz",,28086
BRASSICACEAE,"Physaria tenella","(A. Nelson) O'Kane & Al-Shehbaz",,11013
BRASSICACEAE,"Sisymbrium irio",L.,,1152
BRASSICACEAE,"Sisymbrium orientale",L.,,1154
BRASSICACEAE,"Streptanthus carinatus","C. Wright ex A. Gray",,1162
BRASSICACEAE,"Streptanthus carinatus subsp. arizonicus","(S. Watson) Kruckeb., Rodman & Worth.",,11884
BRASSICACEAE,"Thysanocarpus curvipes",Hook.,,1114
BRASSICACEAE,"Tomostima cuneifolia","Al-Shehbaz, M. Koch & Jordon-Thaden",,310307
CACTACEAE,"Carnegiea gigantea","(Engelm.) Britton & Rose",,123
CACTACEAE,"Cylindropuntia acanthocarpa","(Engelm. & Bigelow) F.M. Knuth",,59
CACTACEAE,"Cylindropuntia acanthocarpa var. acanthocarpa",,,31461
CACTACEAE,"Cylindropuntia acanthocarpa var. major","(Engelm.) D.J.Pinkava",,19513
CACTACEAE,"Cylindropuntia acanthocarpa var. ramosa","(Peebles) Backeberg",,304996
CACTACEAE,Cylindropuntia,,,4203
CACTACEAE,"Cylindropuntia acanthocarpa x spinosior",,,31967
CACTACEAE,"Cylindropuntia arbuscula","(Engelm.) Knuth",,60
CACTACEAE,"Cylindropuntia bigelovii","(Engelm.) Knuth",,48
CACTACEAE,"Cylindropuntia bigelovii var. bigelovii","(Engelm.) F.M. Knuth",,31453
CACTACEAE,"Cylindropuntia fulgida","(Engelm.) Knuth",,85
CACTACEAE,"Cylindropuntia fulgida var. fulgida",,,31454
CACTACEAE,"Cylindropuntia fulgida var. mamillata","(Schott) Backeb.",,19516
CACTACEAE,"Cylindropuntia leptocaulis","(DC.) Knuth",,61
CACTACEAE,"Cylindropuntia leptocaulis x spinosior","(Engelm.) Knuth",,33618
CACTACEAE,"Cylindropuntia spinosior","(Engelm.) Knuth",,63
CACTACEAE,"Cylindropuntia versicolor","(Engelm. Ex J. M. Coult.) Knuth",,86
CACTACEAE,"Cylindropuntia x kelvinensis","(V. Grant & K.A. Grant) P.V. Heath",,69
CACTACEAE,"Cylindropuntia x vivipara","(Rose) Knuth",,84
CACTACEAE,"Echinocereus fasciculatus","(Engelm. ex B.D. Jackson) L. Benson",,15058
CACTACEAE,"Echinocereus triglochidiatus",Engelm.,,3422
CACTACEAE,"Ferocactus cylindraceus","(Engelm.) Orcutt",,3015
CACTACEAE,"Ferocactus wislizeni","(Engelm.) Britton & Rose",,3017
CACTACEAE,"Mammillaria grahamii",Engelm.,,3387
CACTACEAE,"Mammillaria grahamii subsp. grahamii",,,134884
CACTACEAE,"Mammillaria thornberi",Orcutt,,3398
CACTACEAE,"Mammillaria viridiflora","(Britt. & Rose) Bödecker",,3399
CACTACEAE,"Opuntia chlorotica","Engelm. & Bigelow",,3350
CACTACEAE,"Opuntia engelmannii",Salm-Dyck,,3722
CACTACEAE,"Opuntia engelmannii var. linguiformis","(Griffiths) Weninger",,19549
CACTACEAE,"Opuntia microdasys","(Lehm.) Pfeiff.",,70
CACTACEAE,"Opuntia phaeacantha",Engelm.,,3384
CACTACEAE,"Opuntia phaeacantha var. laevis","(Coult.) L. Benson",,13592
CACTACEAE,"Opuntia phaeacantha var. major",Engelm.,,13593
CACTACEAE,"Opuntia santa-rita","(Griffiths & Hare) Rose",,3718
CACTACEAE,"Peniocereus greggii","(Engelm.) Britt. & Rose",,1678
CACTACEAE,"Stenocereus thurberi","(Engelm.) Buxbaum",,449
CAMPANULACEAE,"Triodanis perfoliata","(L.) Nieuwl.",,2611
CAMPANULACEAE,"Triodanis perfoliata var. biflora","(Ruiz & Pav.) Bradley",,14305
CANNABACEAE,"Cannabis sativa",L.,,3175
CANNABACEAE,"Celtis pallida",Torr.,,3163
CANNABACEAE,"Celtis pallida var. pallida",,,134797
CARYOPHYLLACEAE,"Herniaria hirsuta",L.,,3146
CARYOPHYLLACEAE,"Herniaria hirsuta subsp. cinerea","(DC.) Coutinho",,11481
CARYOPHYLLACEAE,"Loeflingia squarrosa",Nutt.,,324
CARYOPHYLLACEAE,"Silene antirrhina",L.,,522
CLEOMACEAE,"Polanisia dodecandra","(L.) DC.",,2225
CLEOMACEAE,"Polanisia dodecandra subsp. trachysperma","(Torr. & A. Gray) H. H. Iltis",,11752
CONVOLVULACEAE,"Convolvulus arvensis",L.,,3919
CONVOLVULACEAE,"Cuscuta salina",Engelm.,,3930
CONVOLVULACEAE,"Cuscuta tuberculata",Brandeg.,,3931
CONVOLVULACEAE,"Cuscuta umbellata",Kunth,,3932
CONVOLVULACEAE,"Cuscuta umbellata var. reflexa","(Coult.) Yuncker",,6530
CONVOLVULACEAE,"Cuscuta umbellata var. umbellata",,,31443
CONVOLVULACEAE,"Evolvulus alsinoides","(L.) L.",,3957
CONVOLVULACEAE,"Evolvulus nuttallianus","Roem. & Schult.",,3018
CONVOLVULACEAE,"Ipomoea barbatisepala","A. Gray",,3933
CONVOLVULACEAE,"Ipomoea costellata",Torr.,,3937
CONVOLVULACEAE,"Ipomoea cristulata","Hallier f.",,3938
CONVOLVULACEAE,"Ipomoea hederacea",Jacq.,,3994
CONVOLVULACEAE,"Jacquemontia pringlei","A. Gray",,3959
CONVOLVULACEAE,"Merremia dissecta","(Jacq.) Hallier f.",,27830
CORNACEAE,"Cornus sericea",L.,,240
CORNACEAE,"Cornus sericea subsp. sericea",,,11321
CRASSULACEAE,"Crassula connata","(Ruiz & Pav.) Berger",,1037
CROSSOSOMATACEAE,"Crossosoma bigelovii","S. Watson",,3568
CUCURBITACEAE,"Apodanthera undulata","A. Gray",,2356
CUCURBITACEAE,"Citrullus lanatus","(Thunb.) Matsum. & Nakai",,2367
CUCURBITACEAE,"Cucurbita digitata","A. Gray",,2361
CUCURBITACEAE,"Echinopepon wrightii","(A. Gray) S. Wats.",,2370
CUCURBITACEAE,"Tumamoca macdougalii",Rose,,2304
CYPERACEAE,"Cyperus esculentus",L.,,873
CYPERACEAE,"Cyperus involucratus",Rottb.,,935
CYPERACEAE,"Cyperus rotundus",L.,,822
CYPERACEAE,"Cyperus squarrosus",L.,,938
CYPERACEAE,"Schoenoplectus maritimus","(L.) Lye",,2608
EPHEDRACEAE,"Ephedra aspera","Engelm. ex S. Watson",,1244
EPHEDRACEAE,"Ephedra nevadensis","S. Wats.",,2940
EPHEDRACEAE,"Ephedra trifurca","Torr. ex S. Watson",,4096
EUPHORBIACEAE,"Acalypha neomexicana",Muell.-Arg.,,121
EUPHORBIACEAE,"Argythamnia lanceolata","(Benth.) Müll. Arg",,1473
EUPHORBIACEAE,"Argythamnia neomexicana",Müll.Arg.,,1470
EUPHORBIACEAE,"Argythamnia serrata","(Torr.) Muell.-Arg.",,1471
EUPHORBIACEAE,"Bernardia incana",Morton,,3402
EUPHORBIACEAE,"Chamaesyce abramsiana","(L.C. Wheeler) Koutnik",,1190
EUPHORBIACEAE,"Chamaesyce albomarginata","(Torr. & A. Gray) Small",,1116
EUPHORBIACEAE,"Chamaesyce arizonica","(Engelm.) Arthur",,1117
EUPHORBIACEAE,"Chamaesyce capitellata","(Engelm.) Millsp.",,1118
EUPHORBIACEAE,"Chamaesyce florida","(Engelm.) Millsp.",,1119
EUPHORBIACEAE,"Chamaesyce gracillima","(S. Wats.) Millsp.",,1121
EUPHORBIACEAE,"Chamaesyce hyssopifolia","(L.) Small",,3950
EUPHORBIACEAE,"Chamaesyce melanadenia","(Torr.) Millsp.",,1130
EUPHORBIACEAE,"Chamaesyce micromera","(Boiss. ex Engelm.) Woot. & Standl.",,1131
EUPHORBIACEAE,"Chamaesyce pediculifera","(Engelm.) Rose & Standl.",,1126
EUPHORBIACEAE,"Chamaesyce polycarpa","(Benth.) Millsp. ex Parish",,1133
EUPHORBIACEAE,"Chamaesyce prostrata","(Ait.) Small",,1134
EUPHORBIACEAE,"Chamaesyce serrula","(Engelm.) Woot. & Standl.",,1137
EUPHORBIACEAE,"Chamaesyce setiloba","(Engelm. ex Torr.) Millsp. ex Parish",,1139
EUPHORBIACEAE,"Ditaxis neomexicana","(Müll.Arg.) A. Heller",,5658
EUPHORBIACEAE,"Ditaxis sericophylla","A. Heller",,338403
EUPHORBIACEAE,"Euphorbia davidii",Subils,,782
EUPHORBIACEAE,"Euphorbia eriantha",Benth.,,3315
EUPHORBIACEAE,"Euphorbia exstipulata",Engelm.,,3319
EUPHORBIACEAE,"Euphorbia heterophylla",L.,,3317
EUPHORBIACEAE,"Euphorbia heterophylla var. heterophylla",,,31430
EUPHORBIACEAE,"Jatropha cardiophylla","(Torr.) Muell.-Arg.",,3451
EUPHORBIACEAE,"Tragia nepetifolia",Cav.,,323
EUPHORBIACEAE,"Tragia nepetifolia var. dissecta",Muell.-Arg.,,14300
EUPHORBIACEAE,"Tragia ramosa",Torr.,,3512
FABACEAE,"Acacia angustissima","(Mill.) Kuntze",,1571
FABACEAE,"Acacia angustissima var. filicioides","(Cav.) Kuntze",,126130
FABACEAE,"Acacia constricta",Benth.,,1573
FABACEAE,"Acacia farnesiana","(L.) Willd.",,1578
FABACEAE,"Acacia greggii","A. Gray",,1579
FABACEAE,"Acaciella angustissima","(Mill.) Britton & Rose",,126162
FABACEAE,"Astragalus allochrous","A. Gray",,4061
FABACEAE,"Astragalus allochrous var. playanus",Isely,,5863
FABACEAE,"Astragalus arizonicus","A. Gray",,4066
FABACEAE,"Astragalus didymocarpus","Hook. & Arn.",,4086
FABACEAE,"Astragalus didymocarpus var. dispermus","(A. Gray) Jepson",,12223
FABACEAE,"Astragalus lentiginosus",Douglas,,4111
FABACEAE,"Astragalus lentiginosus var. australis",Barneby,,12257
FABACEAE,"Astragalus nuttallianus",DC.,,4150
FABACEAE,"Astragalus nuttallianus var. austrinus","(Small) Barneby",,12283
FABACEAE,"Astragalus nuttallianus var. imperfectus","(Rydb.) Barneby",,12284
FABACEAE,"Caesalpinia gilliesii","(Hook.) Wallich ex D. Dietr.",,1515
FABACEAE,"Calliandra eriophylla",Benth.,,1233
FABACEAE,"Calliandra eriophylla var. eriophylla",,,12397
FABACEAE,"Coursetia glandulosa","A. Gray",,1035
FABACEAE,"Dalea grayi","(Vail) L.O. Williams",,1547
FABACEAE,"Dalea neomexicana","(A. Gray) Cory",,1557
FABACEAE,"Dalea pogonathera","A. Gray",,1558
FABACEAE,"Dalea pogonathera var. pogonathera",,,12712
FABACEAE,"Dalea pringlei","A. Gray",,1481
FABACEAE,"Dalea wrightii","A. Gray",,1501
FABACEAE,"Desmanthus covillei","(Britt. & Rose) Wiggins ex B.L. Turner",,1489
FABACEAE,"Desmodium procumbens","(P. Mill.) A.S. Hitchc.",,2533
FABACEAE,"Galactia wrightii","A. Gray",,1442
FABACEAE,"Hoffmannseggia glauca","(Ortega) Eifert",,3975
FABACEAE,"Lotus greenei","Ottley ex Kearney & Peebles",,1656
FABACEAE,"Lotus humistratus",Greene,,1658
FABACEAE,"Lotus rigidus","(Benth.) Greene",,1660
FABACEAE,"Lotus salsuginosus",Greene,,1568
FABACEAE,"Lotus salsuginosus var. brevivexillus",Ottley,,13343
FABACEAE,"Lotus strigosus","(Nutt.) Greene",,1569
FABACEAE,"Lotus strigosus var. tomentellus","(Greene) Isely",,13347
FABACEAE,"Lupinus concinnus","J.G. Agardh",,2585
FABACEAE,"Lupinus sparsiflorus",Benth.,,1757
FABACEAE,"Marina parryi","(Torr. & A. Gray) Barneby",,1457
FABACEAE,"Medicago polymorpha",L.,,188
FABACEAE,"Medicago sativa",L.,,4175
FABACEAE,"Melilotus indicus","(L.) All.",,2498
FABACEAE,"Mimosa aculeaticarpa",Ortega,,2683
FABACEAE,"Mimosa aculeaticarpa var. biuncifera","(Benth.) Barneby",,13452
FABACEAE,"Mimosa distachya",Vent.,,18939
FABACEAE,"Mimosa distachya var. laxiflora","(Benth.) Barneby",,19547
FABACEAE,"Mimosa laxiflora",Benth.,,1459
FABACEAE,"Nissolia schottii","(Torr.) A. Gray",,1409
FABACEAE,"Olneya tesota","A. Gray",,1410
FABACEAE,"Parkinsonia aculeata",L.,,1411
FABACEAE,Parkinsonia,L.,,4636
FABACEAE,"Parkinsonia aculeata X microphylla",,,31961
FABACEAE,"Parkinsonia florida","(Benth. ex A. Gray) S. Watson",,1412
FABACEAE,"Parkinsonia microphylla",Torr.,,1413
FABACEAE,"Phaseolus acutifolius","A. Gray",,1417
FABACEAE,"Phaseolus acutifolius var. latifolius",Freeman,,13704
FABACEAE,"Phaseolus acutifolius var. tenuifolius","A. Gray",,13705
FABACEAE,"Phaseolus filiformis",Benth.,,1623
FABACEAE,"Prosopis juliflora","(Sw.) DC.",,615
FABACEAE,"Prosopis juliflora var. velutina","(Wooton) Sarg.",,13888
FABACEAE,"Prosopis velutina",Wooton,,15862
FABACEAE,"Rhynchosia senna","Gillies ex Hook.",,1462
FABACEAE,"Senna artemisioides","(Gaud. ex DC.) Randell",,2713
FABACEAE,"Senna artemisioides subsp. filifolia",Randell,,19567
FABACEAE,"Senna bauhinioides","(A. Gray) Irwin & Barneby",,666
FABACEAE,"Senna covesii","(A. Gray) Irwin & Barneby",,667
FABACEAE,"Sphinctospermum constrictum","(S. Wats.) Rose",,560
FABACEAE,"Tephrosia tenella","A. Gray",,371
FABACEAE,"Vicia ludoviciana",Nutt.,,1644
FABACEAE,"Vicia ludoviciana var. ludoviciana",,,69056
FABACEAE,"Zapoteca formosa","(Kunth) H.M. Hern., 1986 [1987]",,55
FABACEAE,"Zapoteca formosa subsp. schottii","(Torrey ex S.Watson) H.M.Hernández",,19574
FABACEAE,"Zapoteca formosa var. schottii",,,57559
FAGACEAE,"Quercus turbinella",Greene,,3272
FOUQUIERIACEAE,"Fouquieria splendens",Engelm.,,3040
GENTIANACEAE,"Centaurium calycosum","(Buckl.) Fern.",,3639
GERANIACEAE,"Erodium cicutarium","(L.) L'Hér. ex Aiton",,2710
GERANIACEAE,"Erodium texanum","A. Gray",,2705
KOEBERLINIACEAE,"Koeberlinia spinosa",Zucc.,,2218
KOEBERLINIACEAE,"Koeberlinia spinosa var. wivaggii",,,163203
KRAMERIACEAE,"Krameria bicolor",S.Watson,,154440
KRAMERIACEAE,"Krameria erecta","Willd. ex J.A. Schultes",,4015
KRAMERIACEAE,"Krameria grayi","Rose & Painter",,1447
KRAMERIACEAE,"Krameria lanceolata",Torr.,,1448
LAMIACEAE,"Clerodendrum coulteri","(A. Gray) Govaerts ",,134818
LAMIACEAE,"Condea emoryi","(Torr.) Harley & J.F.B. Pastore",,184582
LAMIACEAE,"Hedeoma nana","(Torr.) Briq.",,16286
LAMIACEAE,"Hedeoma nanum","(Torr.) Briq.",,3125
LAMIACEAE,"Hyptis albida",Kunth,,27511
LAMIACEAE,"Hyptis emoryi",Torr.,,884
LAMIACEAE,"Lamium amplexicaule",L.,,880
LAMIACEAE,"Moluccella laevis",L.,,886
LAMIACEAE,"Salvia columbariae",Benth.,,850
LAMIACEAE,"Salvia pinguifolia","(Fernald) Wooton & Standl.",,855
LAMIACEAE,"Tetraclea coulteri","A. Gray",,987
LAMIACEAE,"Teucrium cubense",Jacq.,,980
LILIACEAE,"Calochortus kennedyi",Porter,,3510
LINACEAE,"Linum aristatum",Engelm.,,2473
LINACEAE,"Linum grandiflorum",Desf.,,17259
LINACEAE,"Linum lewisii",Pursh,,2466
LINACEAE,"Linum puberulum","(Engelm.) Heller",,2470
LOASACEAE,"Mentzelia affinis",Greene,,2506
LOASACEAE,"Mentzelia albicaulis","(Dougl.) Dougl. ex Torr. & A. Gray",,2507
LOASACEAE,"Mentzelia jonesii","(Urban & Gilg) H.J. Thompson & Roberts",,2514
LOASACEAE,"Mentzelia multiflora","(Nutt.) A. Gray",,2501
LOASACEAE,"Mentzelia multiflora var. multiflora",,,13441
LOASACEAE,"Mentzelia texana","Urban & Gilg",,2549
MALPIGHIACEAE,"Cottsia gracilis","(A. Gray) W.R. Anderson ",,134809
MALPIGHIACEAE,"Janusia gracilis","A. Gray",,2477
MALVACEAE,"Abutilon abutiloides","(Jacq.) Garcke ex Britt. & Wilson",,3675
MALVACEAE,"Abutilon coahuilae",Kearney,,47524
MALVACEAE,"Abutilon incanum","(Link) Sweet",,3677
MALVACEAE,"Abutilon incanum subsp. pringlei","(Hochr.) Felger & Lowe",,11094
MALVACEAE,"Abutilon malacum","S. Wats.",,3678
MALVACEAE,"Abutilon parishii","S. Wats.",,3658
MALVACEAE,"Abutilon parvulum","A. Gray",,3659
MALVACEAE,"Abutilon theophrasti",Medik.,,3663
MALVACEAE,"Anoda pentaschista","A. Gray",,3681
MALVACEAE,"Ayenia filiformis","S. Watson",,3622
MALVACEAE,"Ayenia microphylla","A. Gray",,3628
MALVACEAE,"Eremalche exilis","(A. Gray) Greene",,3738
MALVACEAE,"Herissantia crispa","(L.) Briz.",,3773
MALVACEAE,"Hermannia pauciflora","S. Wats.",,3625
MALVACEAE,"Hibiscus biseptus","S. Wats.",,3653
MALVACEAE,"Hibiscus coulteri","Harvey ex A. Gray",,3654
MALVACEAE,"Hibiscus denudatus",Benth.,,3655
MALVACEAE,"Horsfordia newberryi","(S. Wats.) A. Gray",,3775
MALVACEAE,"Malva parviflora",L.,,3778
MALVACEAE,"Malvastrum bicuspidatum","(S. Wats.) Rose",,3721
MALVACEAE,"Malvastrum bicuspidatum subsp. bicuspidatum",,,31448
MALVACEAE,"Rhynchosida physocalyx","(A. Gray) Fryxell",,1463
MALVACEAE,"Sida abutifolia",Mill.,,606
MALVACEAE,"Sphaeralcea ambigua","A. Gray",,3800
MALVACEAE,"Sphaeralcea ambigua subsp. ambigua","A. Gray",,11865
MALVACEAE,"Sphaeralcea ambigua subsp. rosacea","(Munz & Johnston) Kearney",,11866
MALVACEAE,"Sphaeralcea ambigua X emoryi",,,166917
MALVACEAE,"Sphaeralcea angustifolia","(Cav.) G. Don",,3801
MALVACEAE,"Sphaeralcea coulteri","(S. Watson) A. Gray",,3803
MALVACEAE,"Sphaeralcea emoryi","Torr. ex A. Gray",,3805
MALVACEAE,"Sphaeralcea emoryi var. californica","(Parish) Shinners",,8205
MALVACEAE,"Sphaeralcea hastulata","A. Gray",,3807
MALVACEAE,"Sphaeralcea laxa","Woot. & Standl.",,3809
MARTYNIACEAE,"Proboscidea althaeifolia","(Benth.) Decne.",,1502
MARTYNIACEAE,"Proboscidea parviflora","(Wooton) Wooton & Standl.",,1487
MELIACEAE,"Melia azedarach",L.,,2661
MOLLUGINACEAE,"Mollugo cerviana","(L.) Ser.",,3463
MOLLUGINACEAE,"Mollugo verticillata",L.,,3441
MONTIACEAE,"Calandrinia ciliata","(Ruiz & Pav.) DC.",,297
MONTIACEAE,"Cistanthe monandra","(Nutt.) Hershkovitz",,1099
MONTIACEAE,"Phemeranthus aurantiacus","(Engelm.) Kiger",,16355
MORACEAE,"Morus microphylla",Buckley,,3169
NEMACLADACEAE,"Nemacladus glanduliferus",Jepson,,2602
NYCTAGINACEAE,"Allionia incarnata",L.,,3305
NYCTAGINACEAE,"Allionia incarnata var. villosa","(Standl.) B.L. Turner",,12043
NYCTAGINACEAE,"Boerhavia coccinea","P. Mill.",,1258
NYCTAGINACEAE,"Boerhavia coulteri","(Hook. f.) S. Wats.",,3352
NYCTAGINACEAE,"Boerhavia erecta",L.,,3341
NYCTAGINACEAE,"Boerhavia erecta var. erecta",,,31460
NYCTAGINACEAE,"Boerhavia gracillima",Heimerl,,3342
NYCTAGINACEAE,"Boerhavia intermedia","M.E. Jones",,3343
NYCTAGINACEAE,"Boerhavia megaptera",Standl.,,3344
NYCTAGINACEAE,"Boerhavia scandens",L.,,1259
NYCTAGINACEAE,"Boerhavia spicata",Choisy,,3347
NYCTAGINACEAE,"Boerhavia wrightii","A. Gray",,3353
NYCTAGINACEAE,"Commicarpus scandens","(L.) Standl.",,10012
NYCTAGINACEAE,"Mirabilis coccinea","(Torr.) Benth. & Hook. f.",,3330
NYCTAGINACEAE,"Mirabilis laevis","(Benth.) Curran",,16261
NYCTAGINACEAE,"Mirabilis laevis var. villosa","(Kellogg) Spellenb.",,16268
NYCTAGINACEAE,"Mirabilis multiflora","(Torr.) A. Gray",,3337
OLEACEAE,"Forestiera phillyreoides","(Benth.) Torr.",,8337
OLEACEAE,"Forestiera shrevei",Standl.,,3034
OLEACEAE,"Menodora scabra","A. Gray",,683
ONAGRACEAE,"Camissonia californica","(Nutt. ex Torr. & A. Gray) Raven",,365
ONAGRACEAE,"Camissonia chamaenerioides","(A. Gray) Raven",,368
ONAGRACEAE,"Camissonia claviformis","(Torr. & Frém.) Raven",,372
ONAGRACEAE,"Chylismia claviformis","(Torr. & Frém.) A. Heller ",,134801
ONAGRACEAE,"Chylismia claviformis subsp. peeblesii","(Munz) W.L. Wagner & Hoch",,134802
ONAGRACEAE,"Eremothera chamaenerioides","(A. Gray) W.L. Wagner & Hoch ",,134856
ONAGRACEAE,"Eulobus californicus","Nutt. ex Torr. & A. Gray",,6892
ONAGRACEAE,"Gaura mollis",James,,723
ONAGRACEAE,"Oenothera caespitosa",Nutt.,,672
ONAGRACEAE,"Oenothera curtiflora","W. L. Wagner & Hoch",,134896
ONAGRACEAE,"Oenothera primiveris","A. Gray",,485
OROBANCHACEAE,"Castilleja exserta","(Heller) Chuang & Heckard",,3652
OROBANCHACEAE,"Orobanche cooperi","(A. Gray) Heller",,2523
OROBANCHACEAE,"Orobanche cooperi subsp. cooperi",,,11656
OXALIDACEAE,"Oxalis corniculata",L.,,197
PAPAVERACEAE,"Argemone gracilenta",Greene,,455
PAPAVERACEAE,"Argemone ochroleuca",Sweet,,1689
PAPAVERACEAE,"Argemone ochroleuca subsp. ochroleuca",Sweet,,19499
PAPAVERACEAE,"Corydalis aurea",Willd.,,475
PAPAVERACEAE,"Corydalis aurea subsp. occidentalis","(Engelm. ex Gray) G.B. Ownbey",,11317
PAPAVERACEAE,"Eschscholzia californica",Cham.,,466
PAPAVERACEAE,"Eschscholzia californica subsp. mexicana","(Greene) C. Clark",,11429
PAPAVERACEAE,"Eschscholzia minutiflora","S. Watson",,468
PAPAVERACEAE,"Papaver rhoeas",L.,,527
PASSIFLORACEAE,"Passiflora arida","(Mast. and Rose) Killip",,16365
PHRYMACEAE,"Erythranthe guttata","(Fisch. ex DC.) G. L. Nesom",,171406
PHRYMACEAE,"Erythranthe rubella","(A. Gray) N.S. Fraga",,188846
PHRYMACEAE,"Mimulus guttatus","Fisch. ex DC.",,3101
PHRYMACEAE,"Mimulus rubellus","A. Gray",,3106
PLANTAGINACEAE,"Maurandya antirrhiniflora","Humb. & Bonpl. ex Willd.",,9840
PLANTAGINACEAE,"Nuttallanthus texanus","(Scheele) D. A. Sutton",,2590
PLANTAGINACEAE,"Penstemon parryi","(A. Gray) A. Gray",,3226
PLANTAGINACEAE,"Penstemon subulatus","M.E. Jones",,3229
PLANTAGINACEAE,"Plantago bigelovii","A. Gray",,748
PLANTAGINACEAE,"Plantago bigelovii subsp. californica","(Greene) Bassett",,11738
PLANTAGINACEAE,"Plantago ovata",Forssk.,,1597
PLANTAGINACEAE,"Plantago patagonica",Jacq.,,764
PLANTAGINACEAE,"Plantago rhodosperma",Decne.,,765
PLANTAGINACEAE,"Sairocarpus nuttallianus","(Benth. ex A. DC.) D.A. Sutton",,226
PLANTAGINACEAE,"Sairocarpus pusillus","(Brandegee) D.A.Sutton",,57433
PLANTAGINACEAE,"Stemodia durantifolia","(L.) Sw.",,4135
PLANTAGINACEAE,"Veronica anagallis-aquatica",L.,,464
PLANTAGINACEAE,"Veronica peregrina",L.,,3155
PLUMBAGINACEAE,"Plumbago scandens",L.,,3563
PLUMBAGINACEAE,"Plumbago zeylanica",L.,,32893
POACEAE,"Achnatherum speciosum","(Trin. & Rupr.) Barkworth",,2146
POACEAE,"Aristida adscensionis",L.,,697
POACEAE,"Aristida purpurea",Nutt.,,694
POACEAE,"Aristida purpurea var. longiseta","(Steud.) Vasey",,12159
POACEAE,"Aristida purpurea var. nealleyi","(Vasey) Allred",,12161
POACEAE,"Aristida purpurea var. parishii","(A.S. Hitchc.) Allred",,12163
POACEAE,"Aristida purpurea var. purpurea",,,12164
POACEAE,"Aristida ternipes",Cav.,,695
POACEAE,"Aristida ternipes var. gentilis","(Henr.) Allred",,12175
POACEAE,"Aristida ternipes var. ternipes",,,12178
POACEAE,"Arundo donax",L.,,701
POACEAE,"Avena fatua",L.,,704
POACEAE,"Bothriochloa barbinodis","(Lag.) Herter",,709
POACEAE,"Bothriochloa ischaemum","(L.) Keng",,710
POACEAE,"Bouteloua aristidoides","(Kunth) Griseb.",,714
POACEAE,"Bouteloua barbata",Lag.,,715
POACEAE,"Bouteloua chondrosioides","(Kunth) Benth. ex S. Wats.",,716
POACEAE,"Bouteloua curtipendula","(Michx.) Torr.",,635
POACEAE,"Bouteloua eriopoda","(Torr.) Torr.",,636
POACEAE,"Bouteloua gracilis","(Kunth) Lag. ex Griffiths",,713
POACEAE,"Bouteloua hirsuta",Lag.,,637
POACEAE,"Bouteloua repens","(Kunth) Scribn. & Merr.",,640
POACEAE,"Bouteloua rothrockii",Vasey,,1272
POACEAE,"Bouteloua trifida",Thurb.,,642
POACEAE,"Bromus arizonicus","(Shear) Stebbins",,1818
POACEAE,"Bromus carinatus","Hook. & Arn.",,1811
POACEAE,"Bromus catharticus",Vahl,,1275
POACEAE,"Bromus catharticus var. catharticus",,,134665
POACEAE,"Bromus diandrus",Roth,,1822
POACEAE,"Bromus marginatus","Nees ex Steud.",,1279
POACEAE,"Bromus rubens",L.,,1753
POACEAE,"Bromus tectorum",L.,,1749
POACEAE,"Chloris virgata",Sw.,,649
POACEAE,"Cortaderia selloana","(Schult. & Schult. f.) Asch. & Graebn.",,657
POACEAE,"Cottea pappophoroides",Kunth,,597
POACEAE,"Cynodon dactylon","(L.) Pers.",,593
POACEAE,"Cynodon dactylon var. dactylon","(L.) Pers.",,32055
POACEAE,"Dasyochloa pulchella","(Kunth) Willd. ex Rydb.",,4136
POACEAE,"Digitaria californica","(Benth.) Henr.",,1687
POACEAE,"Digitaria insularis","(L.) Mez ex Ekman",,1691
POACEAE,"Dinebra panicea","(Retz.) P. M. Peterson & N. Snow",,168541
POACEAE,"Dinebra panicea subsp. brachiata","(Steud.) P. M. Peterson & N. Snow",,170873
POACEAE,"Diplachne fusca","(L.) P. Beauv. ex Roem. & Schult.",,128727
POACEAE,"Diplachne fusca subsp. uninervia","(J. Presl) P. M. Peterson & N. Snow",,170868
POACEAE,"Disakisperma dubium","(Kunth) P.M. Peterson & N.Snow",,170872
POACEAE,"Echinochloa colona","(L.) Link",,1713
POACEAE,"Elymus elymoides","(Raf.) Swezey",,2924
POACEAE,"Enneapogon cenchroides","(Licht.ex Roem. & Schult.) C.E.Hubb.",,18884
POACEAE,"Enneapogon desvauxii","Desv. ex Beauv.",,535
POACEAE,"Enneapogon mollis",Lehm.,,2933
POACEAE,"Eragrostis barrelieri",Daveau,,1642
POACEAE,"Eragrostis cilianensis","(All.) Vignolo ex Janch.",,1630
POACEAE,"Eragrostis curvula","(Schrad.) Nees",,2954
POACEAE,"Eragrostis echinochloidea",Stapf,,2955
POACEAE,"Eragrostis intermedia","A.S. Hitchc.",,1632
POACEAE,"Eragrostis lehmanniana",Nees,,777
POACEAE,"Eragrostis pectinacea","(Michx.) Nees ex Steud.",,1627
POACEAE,"Eragrostis pectinacea var. pectinacea","(Michx.) Steud.",,12954
POACEAE,"Eriochloa acuminata","(J. Presl) Kunth",,2992
POACEAE,"Heteropogon contortus","(L.) Beauv. ex Roemer & J.A. Schultes",,551
POACEAE,"Hilaria belangeri","(Steud.) Nash",,553
POACEAE,"Hilaria mutica","(Buckley) Benth.",,8506
POACEAE,"Hordeum arizonicum",Covas,,1581
POACEAE,"Hordeum murinum",L.,,1594
POACEAE,"Hordeum murinum subsp. glaucum","(Steud.) Tzvelev",,11500
POACEAE,"Hordeum pusillum",Nutt.,,1580
POACEAE,"Lamarckia aurea","(L.) Moench",,490
POACEAE,"Leptochloa crinita","(Lag.) P. M. Peterson & N. Snow",,171188
POACEAE,"Leptochloa dubia","(Kunth) Nees",,479
POACEAE,"Leptochloa fusca","(L.) Kunth",,624
POACEAE,"Leptochloa fusca subsp. fascicularis","(Lam.) N. Snow",,11523
POACEAE,"Leptochloa fusca subsp. uninervia","(J. Presl) N. Snow",,11524
POACEAE,"Leptochloa panicea","(Retz.) Ohwi",,481
POACEAE,"Leptochloa panicea subsp. brachiata","(Steudl.) N. Snow",,11529
POACEAE,"Leptochloa panicea subsp. mucronata","(Michx.) Nowack",,11006
POACEAE,"Lycurus setosus","(Nutt.) C.G. Reeder",,4154
POACEAE,"Melinis repens","(Willd.) Zizka",,658
POACEAE,"Muhlenbergia dumosa","Scribn. ex Vasey",,392
POACEAE,"Muhlenbergia emersleyi",Vasey,,355
POACEAE,"Muhlenbergia microsperma","(DC.) Trin.",,356
POACEAE,"Muhlenbergia porteri","Scribn. ex Beal",,408
POACEAE,"Muhlenbergia rigens","(Benth.) A.S. Hitchc.",,2558
POACEAE,"Muhlenbergia tenuifolia","(Kunth) Trin.",,2560
POACEAE,"Panicum hirticaule","J. Presl",,1610
POACEAE,"Panicum miliaceum",L.,,1517
POACEAE,"Panicum obtusum",Kunth,,1518
POACEAE,"Pappophorum vaginatum",Buckl.,,311
POACEAE,"Pappostipa speciosa","(Trin. & Rupr.) Romasch.",,164419
POACEAE,"Pennisetum ciliare","(L.) Link",,1680
POACEAE,"Pennisetum setaceum","(Forssk.) Chiov.",,3190
POACEAE,"Phalaris canariensis",L.,,755
POACEAE,"Phalaris minor",Retz.,,756
POACEAE,"Phragmites australis","(Cav.) Trin. ex Steud.",,865
POACEAE,"Pleuraphis mutica",Buckley,,2155
POACEAE,"Poa bigelovii","Vasey & Scribn.",,833
POACEAE,"Polypogon monspeliensis","(L.) Desf.",,840
POACEAE,"Schismus barbatus","(Loefl. ex L.) Thellung",,3194
POACEAE,"Scleropogon brevifolius",Phil.,,3198
POACEAE,"Setaria adhaerens","(Forsk.) Chiov.",,2668
POACEAE,"Setaria arizonica",Rominger,,800
POACEAE,"Setaria grisebachii",Fourn.,,802
POACEAE,"Setaria leucopila","(Scribn. & Merr.) K. Schum.",,804
POACEAE,"Setaria liebmannii",Fourn.,,805
POACEAE,"Setaria macrostachya",Kunth,,2660
POACEAE,"Setaria viridis","(L.) P. Beauv.",,797
POACEAE,"Sorghum halepense","(L.) Pers.",,3209
POACEAE,"Sporobolus airoides","(Torr.) Torr.",,3212
POACEAE,"Sporobolus contractus","A.S. Hitchc.",,3213
POACEAE,"Sporobolus cryptandrus","(Torr.) A. Gray",,3214
POACEAE,"Sporobolus wrightii","Munro ex Scribn.",,436
POACEAE,"Tridens eragrostoides","(Vasey & Scribn.) Nash",,3250
POACEAE,"Tridens muticus","(Torr.) Nash",,3251
POACEAE,"Tridens muticus var. muticus","(Torr.) Nash",,14299
POACEAE,"Trisetum interruptum",Buckl.,,751
POACEAE,"Triticum aestivum",L.,,3252
POACEAE,"Urochloa arizonica","(Scribn. & Merr.) O. Morrone & F. Zuloaga",,459
POACEAE,"Urochloa reptans",Stapf,,57540
POACEAE,"Vulpia microstachys","(Nutt.) Munro",,3255
POACEAE,"Vulpia microstachys var. ciliata","(Beal) Lonard & Gould",,14362
POACEAE,"Vulpia microstachys var. pauciflora","(Scribn. ex Beal) Lonard & Gould",,14364
POACEAE,"Vulpia myuros","(L.) C. C. Gmel.",,3256
POACEAE,"Vulpia myuros var. myuros","(L.) C.C. Gmel.",,69105
POACEAE,"Vulpia octoflora","(Walter) Rydb.",,3257
POACEAE,"Vulpia octoflora var. hirtella","(Piper) Henr.",,14366
POACEAE,"Vulpia octoflora var. octoflora",,,304123
POLEMONIACEAE,"Eriastrum diffusum","(A. Gray) Mason",,2197
POLEMONIACEAE,"Gilia capitata",Sims,,2118
POLEMONIACEAE,"Gilia flavocincta","A. Nels.",,2125
POLEMONIACEAE,"Gilia flavocincta subsp. australis","(A.& V. Grant) Day & V. Grant",,11464
POLEMONIACEAE,"Gilia stellata",Heller,,214
POLEMONIACEAE,"Ipomopsis longiflora","(Torr.) V. Grant",,2148
POLEMONIACEAE,"Linanthus aureus","(Nutt.) Greene",,2059
POLEMONIACEAE,"Linanthus bigelovii","(A. Gray) Greene",,2060
POLEMONIACEAE,"Phlox gracilis","(Hook.) Greene",,1648
POLEMONIACEAE,"Phlox tenuifolia","E. Nels.",,3968
POLYGALACEAE,"Polygala macradenia","A. Gray",,2444
POLYGONACEAE,"Chorizanthe brevicornu",Torr.,,3430
POLYGONACEAE,"Chorizanthe brevicornu var. brevicornu",Torrey,,12491
POLYGONACEAE,"Chorizanthe rigida","(Torr.) Torr. & A. Gray",,3426
POLYGONACEAE,"Eriogonum abertianum",Torr.,,3438
POLYGONACEAE,"Eriogonum deflexum",Torr.,,3469
POLYGONACEAE,"Eriogonum deflexum var. deflexum",Torr.,,12909
POLYGONACEAE,"Eriogonum inflatum","Torr. & Frém.",,3487
POLYGONACEAE,"Eriogonum maculatum",Heller,,3492
POLYGONACEAE,"Eriogonum nidularium",Coville,,3517
POLYGONACEAE,"Eriogonum palmerianum",Reveal,,2985
POLYGONACEAE,"Eriogonum polycladon",Benth.,,3523
POLYGONACEAE,"Eriogonum reniforme","Torr. & Frém.",,3526
POLYGONACEAE,"Eriogonum thurberi",Torr.,,3533
POLYGONACEAE,"Eriogonum trichopes",Torr.,,3534
POLYGONACEAE,"Eriogonum wrightii","Torr. ex Benth.",,3550
POLYGONACEAE,"Eriogonum wrightii var. wrightii","Torr. ex Benth.",,12980
PORTULACACEAE,"Portulaca halimoides",L.,,293
PORTULACACEAE,"Portulaca oleracea",L.,,290
PORTULACACEAE,"Portulaca suffrutescens",Engelm.,,291
PORTULACACEAE,"Portulaca umbraticola",Kunth,,292
PRIMULACEAE,"Anagallis arvensis",L.,,2880
PRIMULACEAE,"Androsace occidentalis",Pursh,,921
PTERIDACEAE,"Astrolepis cochisensis","(Goodding) Benham & Windham",,2022
PTERIDACEAE,"Astrolepis cochisensis subsp. cochisensis",,,11179
PTERIDACEAE,"Astrolepis sinuata","(Lag. ex Sw.) Benham & Windham",,2024
PTERIDACEAE,"Astrolepis sinuata subsp. sinuata",,,11185
PTERIDACEAE,"Cheilanthes lindheimeri",Hook.,,1868
PTERIDACEAE,"Cheilanthes parryi","(D. C. Eaton) Domin",,1144
PTERIDACEAE,"Cheilanthes pringlei",Davenp.,,1855
PTERIDACEAE,"Cheilanthes wootonii",Maxon,,1859
PTERIDACEAE,"Cheilanthes wrightii",Hook.,,1860
PTERIDACEAE,"Cheilanthes yavapensis","Reeves ex Windham",,1145
PTERIDACEAE,"Myriopteris lindheimeri","(Hook.) J. Sm.",,171673
PTERIDACEAE,"Myriopteris pringlei","(Davenp.) Grusz & Windham,",,172124
PTERIDACEAE,"Myriopteris yavapensis","(T.Reeves ex Windham) Grusz & Windham",,171675
PTERIDACEAE,"Notholaena standleyi",Maxon,,1744
PTERIDACEAE,"Pellaea truncata",Goodding,,1677
PTERIDACEAE,"Pellaea wrightiana",Hook.,,1741
RANUNCULACEAE,"Anemone tuberosa",Rydb.,,741
RANUNCULACEAE,"Clematis drummondii","Torr. & A. Gray",,252
RANUNCULACEAE,"Delphinium scaposum",Greene,,773
RANUNCULACEAE,"Myosurus cupulatus","S. Wats.",,588
RESEDACEAE,"Oligomeris linifolia","(Vahl) J.F. Macbr.",,1816
RHAMNACEAE,"Condalia correllii","M.C. Johnston",,3543
RHAMNACEAE,"Condalia warnockii","M.C. Johnston",,3547
RHAMNACEAE,"Condalia warnockii var. kearneyana","M.C. Johnston",,12635
RHAMNACEAE,"Ziziphus obtusifolia","(Hook. ex Torr. & A. Gray) A. Gray",,3559
RHAMNACEAE,"Ziziphus obtusifolia var. canescens","(A. Gray) M.C. Johnston",,14408
ROSACEAE,"Vauquelinia californica","(Torr.) Sarg.",,286
ROSACEAE,"Vauquelinia californica subsp. californica",,,11914
RUBIACEAE,"Bouvardia ternifolia","(Cav.) Schlecht.",,2654
RUBIACEAE,"Galium aparine",L.,,2626
RUBIACEAE,"Galium proliferum","A. Gray",,2649
RUBIACEAE,"Galium stellatum",Kellogg,,2650
RUBIACEAE,"Galium stellatum subsp. eremicum","(Hilend & Howell) Ehrend.",,11453
RUTACEAE,"Thamnosma texana","(A. Gray) Torr.",,2659
RUTACEAE,"Thamnosma texanum","(A. Gray) Torr.",,31663
RUTACEAE,"Thamnosma texanum var. purpureum","Woodruff ",,134936
SALICACEAE,"Populus fremontii","S. Watson",,2313
SALICACEAE,"Salix gooddingii","C.R. Ball",,2255
SANTALACEAE,"Phoradendron californicum",Nutt.,,164
SANTALACEAE,"Phoradendron serotinum","(Raf.) M.C. Johnston",,161
SANTALACEAE,"Phoradendron serotinum subsp. tomentosum","(DC.) Kuijt",,16271
SAPINDACEAE,"Dodonaea viscosa","(L.) Jacq.",,3584
SAPINDACEAE,"Sapindus saponaria",L.,,3583
SAPINDACEAE,"Sapindus saponaria var. drummondii","(Hook. & Arn.) L. Benson",,14079
SCROPHULARIACEAE,"Leucophyllum frutescens","(Berl.) I.M. Johnston",,17255
SELAGINELLACEAE,"Selaginella arizonica",Maxon,,655
SIMMONDSIACEAE,"Simmondsia chinensis","(Link) Schneid.",,3313
SOLANACEAE,"Calibrachoa parviflora","(Juss.) D'Arcy",,1230
SOLANACEAE,"Datura discolor",Bernh.,,3869
SOLANACEAE,"Datura wrightii",Regel,,3872
SOLANACEAE,"Lycium andersonii","A. Gray",,3873
SOLANACEAE,"Lycium andersonii var. wrightii","A. Gray",,13391
SOLANACEAE,"Lycium berlandieri",Dunal,,3874
SOLANACEAE,"Lycium berlandieri var. longistylum","C.L. Hitchc.",,13393
SOLANACEAE,"Lycium exsertum","A. Gray",,3877
SOLANACEAE,"Lycium fremontii","A. Gray",,3878
SOLANACEAE,"Lycium macrodon","A. Gray",,3879
SOLANACEAE,"Margaranthus solanaceous",Schltdl.,,3882
SOLANACEAE,"Nicotiana glauca",Graham,,3890
SOLANACEAE,"Nicotiana obtusifolia","M. Martens & Galeotti",,1283
SOLANACEAE,"Nicotiana obtusifolia var. obtusifolia",,,13498
SOLANACEAE,"Physalis acutifolia","(Miers) Sandw.",,3883
SOLANACEAE,"Physalis crassifolia",Benth.,,3886
SOLANACEAE,"Quincula lobata","(Torr.) Raf.",,1455
SOLANACEAE,"Solanum douglasii",Dunal,,3832
SOLANACEAE,"Solanum elaeagnifolium",Cav.,,3833
SOLANACEAE,"Solanum nigrescens","M. Martens & Galeotti",,3839
SOLANACEAE,"Solanum rostratum",Dunal,,3840
TALINACEAE,"Talinum paniculatum","(Jacq.) Gaertn.",,303
TAMARICACEAE,"Tamarix chinensis",Lour.,,2354
TYPHACEAE,"Typha angustifolia",L.,,3279
URTICACEAE,"Parietaria floridana",Nutt.,,3181
URTICACEAE,"Parietaria hespera",Hinton,,3182
URTICACEAE,"Parietaria hespera var. hespera",,,13637
URTICACEAE,"Parietaria pensylvanica","Muhl. ex Willd.",,3183
VERBENACEAE,"Aloysia wrightii","Heller ex Abrams",,1051
VERBENACEAE,"Glandularia gooddingii","(Briq.) Solbrig",,3096
VERBENACEAE,"Lantana camara",L.,,1057
VERBENACEAE,"Verbena neomexicana","(A. Gray) Small",,1048
VERBENACEAE,"Verbena xylopoda","(L.M. Perry) G.L. Nesom",,172166
VIBURNACEAE,"Sambucus nigra",L.,,1428
VIBURNACEAE,"Sambucus nigra subsp. cerulea","(Raf.) R. Bolli",,11839
VIOLACEAE,"Hybanthus verticillatus","(Ortega) Baill.",,2482
ZYGOPHYLLACEAE,"Fagonia californica",Benth.,,76
ZYGOPHYLLACEAE,"Fagonia laevis",Standl.,,2663
ZYGOPHYLLACEAE,"Guaiacum coulteri",A.Gray,,31305
ZYGOPHYLLACEAE,"Kallstroemia californica","(S. Watson) Vail",,2675
ZYGOPHYLLACEAE,"Kallstroemia grandiflora","Torr. ex A. Gray",,2676
ZYGOPHYLLACEAE,"Kallstroemia parviflora","J.B.S. Norton",,2679
ZYGOPHYLLACEAE,"Larrea divaricata","auct. non Cav.",,15374
ZYGOPHYLLACEAE,"Larrea divaricata subsp. tridentata","(Sesse & Moc. ex DC.) Felger & Lowe",,10952
ZYGOPHYLLACEAE,"Larrea tridentata","(Sessé & Moc. ex DC.) Coville",,2671
ZYGOPHYLLACEAE,"Larrea tridentata var. tridentata",,,13270
ZYGOPHYLLACEAE,"Tribulus terrestris",L.,,2674
